{"$schema":"http://schema.management.azure.com/schemas/2015-01-01/deploymentTemplate.json#","contentVersion":"1.0.0.0","parameters":{"factoryName":{"type":"string","metadata":"Data Factory name"},"datalake_conn":{"type":"string"},"github_conn":{"type":"string"}},"variables":{"factoryId":"[concat('Microsoft.DataFactory/factories/', parameters('factoryName'))]"},"resources":[{"name":"[concat(parameters('factoryName'), '/pipeline1')]","type":"Microsoft.DataFactory/factories/pipelines","apiVersion":"2018-06-01","properties":{"activities":[{"name":"ForAlltheFiles","type":"ForEach","dependsOn":[{"activity":"ValidationGithub","dependencyConditions":["Succeeded"]}],"userProperties":[],"typeProperties":{"items":{"value":"@pipeline().parameters.p_array","type":"Expression"},"activities":[{"name":"Copy Github Data","description":"Copy Github Data","type":"Copy","dependsOn":[],"policy":{"timeout":"0.12:00:00","retry":0,"retryIntervalInSeconds":30,"secureOutput":false,"secureInput":false},"userProperties":[],"typeProperties":{"source":{"type":"DelimitedTextSource","storeSettings":{"type":"HttpReadSettings","requestMethod":"GET"},"formatSettings":{"type":"DelimitedTextReadSettings"}},"sink":{"type":"DelimitedTextSink","storeSettings":{"type":"AzureBlobFSWriteSettings"},"formatSettings":{"type":"DelimitedTextWriteSettings","quoteAllText":true,"fileExtension":".txt"}},"enableStaging":false,"translator":{"type":"TabularTranslator","typeConversion":true,"typeConversionSettings":{"allowDataTruncation":true,"treatBooleanAsNumber":false}}},"inputs":[{"referenceName":"ds_github","type":"DatasetReference","parameters":{"file_name":{"value":"@item().file_name","type":"Expression"}}}],"outputs":[{"referenceName":"ds_sink","type":"DatasetReference","parameters":{"folder_name":{"value":"@item().folder_name","type":"Expression"},"file_name":{"value":"@item().file_name","type":"Expression"}}}]}]}},{"name":"ValidationGithub","type":"Validation","dependsOn":[{"activity":"Set variable1","dependencyConditions":["Succeeded"]}],"userProperties":[],"typeProperties":{"dataset":{"referenceName":"ds_validations","type":"DatasetReference","parameters":{}},"timeout":"0.12:00:00","sleep":10}},{"name":"GithubMetadata","type":"WebActivity","dependsOn":[],"policy":{"timeout":"0.12:00:00","retry":0,"retryIntervalInSeconds":30,"secureOutput":false,"secureInput":false},"userProperties":[],"typeProperties":{"method":"GET","headers":{},"url":"https://raw.githubusercontent.com/prashantsundge/Netflix_azure_databricks_project/refs/heads/main/data/netflix_cast.csv"}},{"name":"Set variable1","type":"SetVariable","dependsOn":[{"activity":"GithubMetadata","dependencyConditions":["Succeeded"]}],"policy":{"secureOutput":false,"secureInput":false},"userProperties":[],"typeProperties":{"variableName":"githubmetadata","value":{"value":"@string(activity('GithubMetadata').output)\n","type":"Expression"}}}],"policy":{"elapsedTimeMetric":{}},"parameters":{"p_array":{"type":"array","defaultValue":[{"folder_name":"netflix_cast","file_name":"netflix_cast.csv"},{"folder_name":"netflix_category","file_name":"netflix_category.csv"},{"folder_name":"netflix_countries","file_name":"netflix_countries.csv"},{"folder_name":"netflix_directors.csv","file_name":"netflix_directors.csv"}]}},"variables":{"githubmetadata":{"type":"String"}},"annotations":[],"lastPublishTime":"2025-04-02T07:21:14Z"},"dependsOn":["[concat(variables('factoryId'), '/datasets/ds_validations')]","[concat(variables('factoryId'), '/datasets/ds_github')]","[concat(variables('factoryId'), '/datasets/ds_sink')]"]},{"name":"[concat(parameters('factoryName'), '/ds_validations')]","type":"Microsoft.DataFactory/factories/datasets","apiVersion":"2018-06-01","properties":{"linkedServiceName":{"referenceName":"[parameters('datalake_conn')]","type":"LinkedServiceReference"},"annotations":[],"type":"DelimitedText","typeProperties":{"location":{"type":"AzureBlobFSLocation","fileSystem":"raw"},"columnDelimiter":",","escapeChar":"\\","firstRowAsHeader":true,"quoteChar":"\""},"schema":[]},"dependsOn":[]},{"name":"[concat(parameters('factoryName'), '/ds_github')]","type":"Microsoft.DataFactory/factories/datasets","apiVersion":"2018-06-01","properties":{"linkedServiceName":{"referenceName":"[parameters('github_conn')]","type":"LinkedServiceReference"},"parameters":{"file_name":{"type":"string"}},"annotations":[],"type":"DelimitedText","typeProperties":{"location":{"type":"HttpServerLocation","relativeUrl":{"value":"prashantsundge/Netflix_azure_databricks_project/refs/heads/main/data/@{dataset().file_name}","type":"Expression"}},"columnDelimiter":",","escapeChar":"\\","firstRowAsHeader":true,"quoteChar":"\""},"schema":[]},"dependsOn":[]},{"name":"[concat(parameters('factoryName'), '/ds_sink')]","type":"Microsoft.DataFactory/factories/datasets","apiVersion":"2018-06-01","properties":{"linkedServiceName":{"referenceName":"[parameters('datalake_conn')]","type":"LinkedServiceReference"},"parameters":{"folder_name":{"type":"string"},"file_name":{"type":"string"}},"annotations":[],"type":"DelimitedText","typeProperties":{"location":{"type":"AzureBlobFSLocation","fileName":{"value":"@dataset().file_name","type":"Expression"},"folderPath":{"value":"@dataset().folder_name","type":"Expression"},"fileSystem":"bronze"},"columnDelimiter":",","escapeChar":"\\","firstRowAsHeader":true,"quoteChar":"\""},"schema":[]},"dependsOn":[]}]}