{
    "now": "2025-04-10T03:50:10.849Z",
    "perfNow": 161342343.5,
    "diagnosticCorrelation": "8b6e7d28-bfc3-4f1a-9852-c2a036fd71c2",
    "source": "DownloadSupportFiles",
    "environment": {
        "productName": "adf",
        "buildVersion": "1.0.033125.0",
        "environmentType": 3,
        "resourceName": "adf-netflix-pams",
        "resourceRegion": "eastus",
        "resourceGroup": "RG-NetflixProject",
        "subscriptionId": "3d363883-dd0d-4c48-a2b8-2e31b3904fd5",
        "sessionId": "e5sLkyfPh1G2EG9m6Y91L6",
        "operationId": "",
        "gitType": "live",
        "loggingKey": "c10df39d-846c-444b-beb0-fc27aa4512d2"
    },
    "additionalInfo": {
        "selectedResource": "pipeline1",
        "selectedResourceType": "pipeline"
    }
}