{
    "name": "ds_github",
    "properties": {
        "linkedServiceName": {
            "referenceName": "github_conn",
            "type": "LinkedServiceReference"
        },
        "parameters": {
            "file_name": {
                "type": "string"
            }
        },
        "annotations": [],
        "type": "DelimitedText",
        "typeProperties": {
            "location": {
                "type": "HttpServerLocation",
                "relativeUrl": {
                    "value": "prashantsundge/Netflix_azure_databricks_project/refs/heads/main/data/@{dataset().file_name}",
                    "type": "Expression"
                }
            },
            "columnDelimiter": ",",
            "escapeChar": "\\",
            "firstRowAsHeader": true,
            "quoteChar": "\""
        },
        "schema": []
    },
    "type": "Microsoft.DataFactory/factories/datasets"
}