{
    "name": "ds_sink",
    "properties": {
        "linkedServiceName": {
            "referenceName": "datalake_conn",
            "type": "LinkedServiceReference"
        },
        "parameters": {
            "folder_name": {
                "type": "string"
            },
            "file_name": {
                "type": "string"
            }
        },
        "annotations": [],
        "type": "DelimitedText",
        "typeProperties": {
            "location": {
                "type": "AzureBlobFSLocation",
                "fileName": {
                    "value": "@dataset().file_name",
                    "type": "Expression"
                },
                "folderPath": {
                    "value": "@dataset().folder_name",
                    "type": "Expression"
                },
                "fileSystem": "bronze"
            },
            "columnDelimiter": ",",
            "escapeChar": "\\",
            "firstRowAsHeader": true,
            "quoteChar": "\""
        },
        "schema": []
    },
    "type": "Microsoft.DataFactory/factories/datasets"
}